{"tinyType":"alipay","tinyCnName":"支付宝","tinyProjectType":"alipay-mini","alipay:alipay-mini:tinyIcon":"https://gw.alipayobjects.com/zos/rmsportal/rcwFIauzePpMqlTzzanK.svg","alipay:alipay-mini:compilePreviewTime":"","alipay:alipay-mini:compilePreviewWholePackSize":"","alipay:alipay-mini:compilePreviewSubpackSizes":"","alipay:alipay-mini:_appIdList":[],"alipay:alipay-mini:preAuditLimit":10,"alipay:alipay-mini:preAuditUsed":0,"alipay:alipay-mini:uploadTime":"","alipay:alipay-mini:packageSize":"","alipay:alipay-mini:auditLink":null,"alipay:alipay-mini:whiteListLink":null,"alipay:alipay-mini:_enableAutoPush":true,"alipay:alipay-mini:__LYRA_STORE__":{"size":{"height":"100%"},"device":{"displayName":"iPhone 6","width":375,"height":667,"userAgent":"Mozilla/6.0 (iPhone; CPU iPhone OS 8_0 like Mac OS X) AppleWebKit/603.1.30 (KHTML, like Gecko) Mobile/14E269 ChannelId(0) Nebula  AlipayDefined() AliApp(AP/10.1.55) AlipayClient/10.1.55 AlipayIDE","notch":false,"brand":"IPHONE"},"theme":"dark","themeVars":{},"language":"zh-CN","zoom":1,"pagePath":"pages/cart/cart","pageQuery":{},"location":{"longitude":"","latitude":""},"permissions":{"album":true},"authDetail":{},"scan":"","brightness":1,"clipboard":"","customDevices":[],"favorite":false,"mtop":{"env":"online"}},"SimulatorMode":"WINDOW","isSimulatorOpen":true,"storageVersion":"1.5.10"}